case,location,date,summary,location,age_of_shooter,prior_signs_mental_health_issues,mental_health_details
Molson Coors shooting,"Milwaukee, Wisconsin",2/26/20,"Anthony Ferrill, 51, an employee armed with two handguns, including one with a silencer, opened fire on the Milwaukee campus of the beer company, killing five people and then committing suicide. According to the Milwaukee Journal Sentinel, Ferrill ""had been involved in a long-running dispute with a co-worker that boiled over"" in the run-up to the attack.",Workplace,51,-,-
Jersey City kosher market shooting,"Jersey City, New Jersey",12/10/19,"David N. Anderson, 47, and Francine Graham, 50, were heavily armed and traveling in a white van when they first killed a police officer in a cemetery, and then opened fire at a kosher market, ‚Äúfueled both by anti-Semitism and anti-law enforcement beliefs,‚Äù according to New Jersey authorities. The pair, linked to the antisemitic ideology of the Black Hebrew Israelites extremist group, were killed after a lenghty gun battle with police at the market.",Other,-,-,-
Pensacola Naval base shooting,"Pensacola, Florida",12/6/19,"Ahmed Mohammed al-Shamrani, A Saudi Arabian military pilot training in the United States, opened fire just before 7 a.m. in an air station classroom. He was soon shot and killed by responding Florida sheriff‚Äôs deputies.",Military,-,-,-
Odessa-Midland shooting spree,"Odessa, Texas",8/31/19,"Seth A. Ator, 36, fired at police officers who stopped him for a traffic violation, and then went on a driving rampage in the Odessa-Midland region, where he also shot a postal worker and stole her vehicle. He was shot dead by law enforcement responding to the rampage. Ator had been fired from a job just prior to the attack (though per the FBI he had shown up to that job ""already enraged""). He had a criminal record and ""a long history of mental problems and making racist comments,"" according to a family friend who spoke to the media.",Other,36,yes,"""One friend of the family said the gunman had a long history of mental problems, trouble with the law and making racist comments,"" according to a report in the New York Times."
Dayton entertainment district shooting,"Dayton, Ohio",8/4/19,"Connor Betts, 24, died during the attack, following a swift police response. He wore tactical gear including body armor and hearing protection, and had an ammunition device capable of holding 100 rounds. Betts had a history of threatening behavior dating back to high school, including reportedly having hit lists targeting classmates for rape and murder.",Other,24,-,-
El Paso Walmart mass shooting,"El Paso, Texas",8/3/19,"Patrick Crusius, 21, who was apprehended by police, posted a so-called manifesto online shortly before the attack espousing ideas of violent white nationalism and hatred of immigrants. ""This attack is a response to the Hispanic invasion of Texas,"" he allegedly wrote in the document.",Workplace,21,-,-
Gilroy garlic festival shooting,"Gilroy, California",7/28/19,"Santino William LeGan, 19, fired indiscriminately into the crowd near a concert stage at the festival. He used an AK-47-style rifle, purchased legally in Nevada three weeks earlier. After apparently pausing to reload, he fired additional multiple rounds before police shot him and then he killed himself. A witness described overhearing someone shout at LeGan, ""Why are you doing this?"" LeGan, who wore camouflage and tactical gear, replied: ‚ÄúBecause I'm really angry."" The murdered victims included a 13-year-old girl, a man in his 20s, and six-year-old Stephen Romero.",Other,19,TBD,-
Virginia Beach municipal building shooting,"Virginia Beach, Virginia",5/31/19,"DeWayne Craddock, 40, a municipal city worker wielding handguns, a suppressor and high-capacity magazines, killed en masse inside a Virginia Beach muncipal building late in the day on a Friday, before dying in a prolonged gun battle with police. Craddock reportedly had submitted his resignation from his job that morning. He was a veteran of the Virginia Army National Guard, and ""had a shaved head, bodybuilder‚Äôs physique and cameras in the windows of his house on a peaceful cul-de-sac,"" according to the Washington Post.",Workplace,40,TBD,-
Harry Pratt Co. warehouse shooting,"Aurora, Illinois",2/15/19,"Gary Martin, 45, went on a rampage inside the warehouse in response to being fired from his job and died soon thereafter in a shootout with police. Among his victims were five dead coworkers and five injured police officers. Martin had a felony record and lengthy history of domestic violence; he was able to obtain a gun despite having had his Illinois firearms ownership identification card revoked. According to a report from prosecutors, Martin told a co-worker the morning of the shooting that if he was fired he was going to kill employees and police.",Workplace,45,Yes,(pending)
Pennsylvania hotel bar shooting,"State College, Pennsylvania",1/24/19,"Jordan Witmer, 21, shot three people at a Ramada Hotel bar near Penn State University, including a former girlfriend he was there with. He then fled the bar, crashed his car about a mile away, and stormed into a random house, fatally shooting an elderly resident and then himself. Witmer, who had a legal carry permit for his handgun, had just finished a three-year stint in the US Army; ten days prior to the attack he had been convicted on drunk driving-related charges in Kentucky, where he'd been stationed. ",Other,21,-,-
SunTrust bank shooting,"Sebring, Florida",1/23/19,"Zephen A. Xaver, 21, fatally shot five women inside a bank and then called the police to confess. He was armed with a handgun and wore a bulletproof vest. He reportedly ordered the women to lie down on the floor and shot them execution-style. After a standoff with police, he surrendered and was taken into custody. A week prior, Xaver had quit a job as a prison guard trainee, and authorities said they believed the shooting was ""a random act"" and that roberry did not appear to be a motive. An ex-girlfriend in Indiana told local media she'd been ‚Äúscared for years‚Äù by Xaver‚Äôs talk of violence and death, but that her warnings to others (who she did not identify) were not taken seriously. She said she‚Äôd first met Xaver in a psychiatric hospital in 2013. In March 2017, Michigan State Police documented an incident in which Xaver indicated he was ‚Äúpossibly thinking of suicide by cop and taking hostages.""",Workplace,21,Yes,Xaver was reported to have a lenghty history of expressing violent desires; an ex-girlfriend said she first met him at a psychiatric hospital in 2013.
Mercy Hospital shooting,"Chicago, Illinois",11/19/18,"Juan Lopez, 32, confronted his former fianc√©, ER doctor Tamara O'Neal, before shooting her and opening fire on others at the hospital, including a responding police officer, Samuel Jimenez, and a pharmacy employee, Dayna Less. Lopez was fatally shot by a responding SWAT officer. Lopez had a history of domestic abuse against an ex-wife, and was kicked out of a fire department training academy for misconduct against female cadets.",Workplace,32,-,-
Thousand Oaks nightclub shooting,"Thousand Oaks, California",11/7/18,"Ian David Long, 28, dressed in black and armed with a handgun and a ‚Äúsmoke device,‚Äù approached the Borderline Bar & Grill ‚Äî a country music venue popular with college students ‚Äî close to midnight and opened fire, killing a security guard and then others in the club, including a sheriff‚Äôs deputy responding to the attack. Long was found dead at the scene from apparent suicide. He was a former Marine and had a history of interactions with local law enforcement, including a mental health evaluation in which he‚Äôd been cleared.",Other,28,Yes,"Per the LATimes: ""Sheriff Geoff Dean said his department had had several interactions with Long, including a call to his home in April for a complaint of disturbing the peace. Deputies at the time said Long was irate and acting irrationally, Dean said. They called in mental health professionals to evaluate him, and they concluded he did not need to be taken into custody."""
Tree of Life synagogue shooting,"Pittsburgh, Pennsylvania",10/27/18,"Robert D. Bowers, 46, shouted anti-Semitic slurs as he opened fire inside the Tree of Life synagogue during Saturday morning worship. He was armed with an assault rifle and multiple handguns and was apprehended after a standoff with police. His social media accounts contained virulent anti-Semitic content, and references to migrant caravan ""invaders"" hyped by President Trump and the Republican party ahead of the 2018 midterms elections.",Religious,46,-,-
Rite Aid warehouse shooting,"Perryman, Maryland",9/20/18,"Snochia Moseley, 26, reportedly a disgruntled employee, shot her victims outside the building and on the warehouse floor; she later died from a self-inflicted gunshot at a nearby hospital. (No law enforcement officers responding to her attack fired shots.)",Workplace,26,-,-
T&T Trucking shooting,"Bakersfield, California",9/12/18,"Javier Casarez, 54, who was going through a bitter divorce, went on a shooting spree targeting his ex-wife and former coworkers at the trucking company. His attack included fatally shooting one victim who he pursued to a nearby sporting goods retailer, and two others at a private residence. After then carjacking a woman who was driving with a child (and letting the two go), Casarez fatally shot himself as law enforcement officials closed in on him.",Workplace,54,-,-
Fifth Third Center shooting,"Cincinnati, Ohio",9/6/18,"Omar Enrique Santa Perez, 29, walked into the ground-floor lobby of a building in downtown Cincinnati shortly after 9 a.m. and opened fire. Within minutes, Perez was fatally wounded in a shootout with law enforcement officers responding to the scene.",Workplace,29,Yes,"Perez filed a ""delusional"" lawsuit in 2017 against CNBC and TD Ameritrade; the federal judge who threw out the case said Perez's allegations were ""rambling, difficult to decpipher and borders on delusional."""
Capital Gazette shooting,"Annapolis, Maryland",6/28/18,"Jarrod W. Ramos, 38, shot through the glass doors of the paper‚Äôs newsroom around 3pm to carry out his attack; police quickly responding to the scene found him hiding under a desk and apprehended him. Ramos had harbored a longstanding grudge against the paper over a 2011 column that had detailed his guilty plea for the harassment of a former female classmate. Ramos had sued the paper for defamation and lost.",Workplace,38,-,-
Santa Fe High School shooting,"Santa Fe, Texas",5/18/18,"Dimitrios Pagourtzis, a 17-year-old student, opened fire at Santa Fe High School with a shotgun and .38 revolver owned by his father; Pagourtzis killed 10 and injured at least 13 others before surrendering to authorities after a standoff and additional gunfire inside the school. (Pagourtzis reportedly had intended to commit suicide.) Investigators also found undetonated explosive devices in the vicinity. (FURTHER DETAILS PENDING.)",School,17,-,-
Waffle House shooting,"Nashville, Tennessee",4/22/18,"Travis Reinking, 29, opened fire around 3:30 a.m. in the parking lot of a Waffle House in Antioch, and continued shooting as he entered the restaurant. As he attempted to reload his AR-15, a bystander heroically wrestled the rifle away from Reinking, who then fled; he was captured by authorities the following day. Reinking had a history of erratic behavior and run-ins with law enforcement in his home state of Illinois, including claims that he was being stalked and harassed by pop star Taylor Swift. In July 2017, he was arrested at the White House after breaching security in an effort to speak with President Trump, reportedly claiming his right to do so as ‚Äúa sovereign citizen.‚Äù ",Other,29,Yes,"Reinking had a history of erratic behavior and run-ins with law enforcement in his home state of Illinois, including claims that he was being stalked and harassed by pop star Taylor Swift. In July 2017, he was arrested at the White House after breaching security in an effort to speak with President Trump, reportedly claiming his right to do so as ‚Äúa sovereign citizen.‚Äù"
Yountville veterans home shooting,"Yountville, California",3/9/18,"Army veteran Albert Cheung Wong, 36, stormed a veterans home where he was previously under care, exchanging gunfire with a sheriff‚Äôs deputy and taking three women hostage, one of whom he‚Äôd previously threatened. After a standoff with law enforcement, he killed the three women and himself.",Workplace,36,Yes,Wong had served in Afghanistan and had a history of PTSD.
Marjory Stoneman Douglas High School shooting,"Parkland, Florida",2/14/18,"Nikolas J. Cruz, 19, heavily armed with an AR-15, tactical gear, and ‚Äúcountless magazines‚Äù of ammo, according to the Broward County Sheriff, attacked the high school as classes were ending for the day, killing at least 17 people and injuring many others. He was apprehended by authorities shortly after fleeing the campus.",School,19,Yes,Cruz had a long history of behavioral problems and had spent time in mental health clinics.
Pennsylvania carwash shooting,"Melcroft, Pennsylvania",1/28/18,"Timothy O'Brien Smith, 28, wearing body armor and well-stocked with ammo, opened fire at a carwash early in the morning in this rural community, killing four people. A fifth victim, though not shot, suffered minor injuries. One of the deceased victims, 25-year-old Chelsie Cline, had been romantically involved with Smith and had broken off the relationship recently, according to her sister. Smith shot himself in the head and died later that night at the hospital.",Other,28,TBD,-
Rancho Tehama shooting spree,"Rancho Tehama, California",11/14/17,"Kevin Janson Neal, 44, went on an approximately 45-minute shooting spree in the rural community of Rancho Tehama Reserve in Northern California, including shooting up an elementary school, before being killed by law enforcement officers. Neal had also killed his wife at home.",Other,44,TBD,-
Texas First Baptist Church massacre,"Sutherland Springs, Texas",11/5/17,"Devin Patrick Kelley, a 26-year-old ex-US Air Force airman, opened fire at the First Baptist Church in Sutherland Springs during Sunday morning services, killing at least 26 people and wounding and injuring 20 others. He left the church and fled in his vehicle after engaging in a gunfight with a local citizen; he soon crashed his vehicle and died from a self-inflicted gunshot wound.",Religious,26,Yes,"Kelley had a history of domestic violence, including a court martial and conviction stemming from assaulting his wife and child; he also had a history of cruelty to animals and of stalking and harassing ex-girlfriends, including an underage girl. He reportedly briefly escaped from a mental health facility in 2012."
Walmart shooting in suburban Denver,"Thornton, Colorado",11/1/17,"Scott Allen Ostrem, 47, walked into a Walmart in a suburb north of Denver and fatally shot two men and a woman, then left the store and drove away. After an all-night manhunt, Ostrem, who had financial problems but no serious criminal history, was captured by police after being spotted near his apartment in Denver.",Other,47,Unclear,-
Edgewood businees park shooting,"Edgewood, Maryland",10/18/17,"Radee Labeeb Prince, 37, fatally shot three people and wounded two others around 9am at Advance Granite Solutions, a home remodeling business where he worked near Baltimore. Hours later he shot and wounded a sixth person at a car dealership in Wilmington, Delaware. He was apprehended that evening following a manhunt by authorities.",Workplace,37,Unclear,-
Las Vegas Strip massacre,"Las Vegas, Nevada",10/1/17,"Stephen Craig Paddock, 64, fired a barrage of rapid gunfire‚Äîusing semiautomatic rifles modified with ""bump stocks""‚Äîat thousands of concertgoers on the Las Vegas Strip late on a Sunday night; Paddock had positioned himself in a corner suite on the 32nd floor of the Mandalay Bay Resort and Casino, where he took aim from windows he'd smashed open. Police responding to the attack found Paddock inside the hotel suite, deceased from a self-inflicted gunshot.",Other,64,TBD,Perpetrator's history unclear. In 1969 Paddock's father was classified by the FBI as a dangerous psychopath with suicidal tendencies; psychopathy can be heritable (see Mother Jones sourcing). 
San Francisco UPS shooting,"San Francisco, California",6/14/17,"Jimmy Lam, 38, fatally shot three coworkers and wounded two others inside a UPS facility in San Francisco. Lam killed himself as law enforcement officers responded to the scene.",Workplace,38,Yes,"Lam had a history of domestic, work conflict"
Pennsylvania supermarket shooting,"Tunkhannock, Pennsylvania",6/7/17,"Randy Stair, a 24-year-old worker at Weis grocery fatally shot three of his fellow employees. He reportedly fired 59 rounds with a pair of shotguns before turning the gun on himself as another co-worker fled the scene for help and law enforcement responded.",Workplace,24,Unclear,-
Florida awning manufacturer shooting,"Orlando, Florida",6/5/17,"John Robert Neumann, Jr., 45, a former employee of manufacturer Fiamma Inc. fatally shot five workers at the company, and then killed himself on the scene. He'd been fired from the company in April. The attack took place a week before the one-year anniversary of the Orlando nightclub massacre.",Workplace,45,Unclear,-
Rural Ohio nursing home shooting,"Kirkersville, Ohio",5/12/17,"Thomas Hartless, 43, shot and killed a former girlfriend and another employee of a nursing home, and fatally shot the Kirkersville police chief responding to the scene. Hartless' former girlfriend had recently obtained a court protection order against Hartless. Investigators later found more than 60 firearms in the home of Hartless, who was found dead at the scene of the attack, having turned his gun on himself, according to local authorities.",Workplace,43,Yes,"Hartless had a violent criminal history; his former girlfriend had submitted a letter in court recently stating that he had ""a severe mental disorder."""
Fresno downtown shooting,"Fresno, California",4/18/17,"Kori Ali Muhammad, 39, opened fire along a street in downtown Fresno, killing three people randomly in an alleged hate crime prior to being apprehended by police. Muhammad, who is black, killed three white victims and later described his attack as being racially motivated; he also reportedly yelled 'Allahu Akbar' at the time he was arrested, but authorities indicated they found no links to Islamist terrorism.",Other,39,Unclear,-
Fort Lauderdale airport shooting,"Fort Lauderdale, Florida",1/6/17,"Esteban Santiago, 26, flew from Alaska to Fort Lauderdale, where he opened fire in the baggage claim area of the airport, killing five and wounding six before police aprehended him. (Numerous other people were reportedly injured while fleeing during the panic.)",Airport,26,Yes,"Among other signs, Santiago had gone to a FBI office in Anchorage and complained that his mind was being controlled by the CIA."
Cascade Mall shooting,"Burlington, Washington",9/23/16,"Arcan Cetin, 20, killed a teen girl and three women in the cosmetics section of a Macy‚Äôs department store at the Cascade Mall. A man was critically wounded in the shooting and taken to Harborview Medical Center in Seattle, where he died. Cetin was apprehended by police a few hours after the shooting while driving a car near his residence. ",Other,20,Yes,"According to the Cetin's stepfather he had ""mental health issues""; court records showed that he suffered from anxiety and depression. "
Baton Rouge police shooting,"Baton Rouge, Lousiana",7/17/16,"Gavin Long, 29, a former Marine who served in Iraq, killed three police offers responding to a 911 call, and wounded three others. He was killed in a shoot-out with other officers responding to the scene. Prior to the attack, Long posted prolifically on social media, where he expressed admiration for the cop killer in Dallas 10 days prior.",Other,29,Yes,Unclear
Dallas police shooting,"Dallas, Texas",7/7/16,"Micah Xavier Johnson, a 25-year-old Army veteran, targeted police at a peaceful Black Lives Matter protest, killing five officers and injuring nine others as well as two civilians. After a prolonged standoff in a downtown building, law enforcement killed Johnson using a robot-delivered bomb.",Other,25,Unclear,Unclear
Orlando nightclub massacre,"Orlando, Florida",6/12/16,"Omar Mateen, 29, attacked the Pulse nighclub in Orlando in the early morning hours of June 12. He was killed by law enforcement who raided the club after a prolonged standoff.",Other,29,Unclear,Unclear
Excel Industries mass shooting,"Hesston, Kansas",2/25/16,"Cedric L. Ford, who worked as a painter at a manufacturing company, shot victims from his car and at his workplace before being killed by police at the scene. Shortly before the rampage he had been served with a restraining order.",Workplace,38,Unclear,Unclear
Kalamazoo shooting spree,"Kalamazoo County, Michigan",2/20/16,"Jason B. Dalton, a driver for Uber, apparently selected his victims randomly as he went on a rampage over several hours in three different locations, including five people he shot in the parking lot of a Cracker Barrel restaurant. He was ""arrested without incident"" at a downtown Kalamazoo bar about six hours after the rampage began.",Other,45,Unclear,Unclear
San Bernardino mass shooting,"San Bernardino, California",12/2/15,"Syed Rizwan Farook left a Christmas party held at Inland Regional Center, later returning with Tashfeen Malik and the two opened fire, killing 14 and wounding 21, ten critically. The two were later killed by police as they fled in an SUV.","
Workplace",28,Unclear,Unclear
Planned Parenthood clinic,"Colorado Springs, Colorado",11/27/15,"Robert Lewis Dear, 57, shot and killed a police officer and two citizens when he opened fire at a Planned Parenthood health clinic in Colorado Springs, Colorado. Nine others were wounded. Dear was arrested after an hours-long standoff with police.",Workplace,57,Unclear,"The judge in the case has not publicly released Dear's medical and mental health records. As of April 5, 2016, Dear was undergoing a competency evaluation. Dear had a history of disputes with his relatives and neighbors. At a hearing in December 2015, he said, ""I am a warrior for the babies."""
Colorado Springs shooting rampage,"Colorado Springs, Colorado",10/31/15,"Noah Harpham, 33, shot three people before dead in Colorado Springs before police killed him in a shootout.",Other,33,Unclear,"Prior to the rampage, Harpham wrote an ""incoherent"" blog and rambled ""nonsensically"" in a YouTube video about mind control techniques and God, according to the Denver Post. He had a history of drug and alcohol abuse. "
Umpqua Community College shooting,"Roseburg, Oregon",10/1/15,26-year-old Chris Harper Mercer opened fire at Umpqua Community College in southwest Oregon. The gunman shot himself to death after being wounded in a shootout with police.,School,26,Unclear,"Harper-Mercer's mother said in multiple online postings that he had Asperger's syndrome. Harper-Mercer graduated from the Switzer Learning Center, a school for students with special needs, emotional difficulties, autism and Asperger's syndrome."
Chattanooga military recruitment center,"Chattanooga, Tennessee",7/16/15,"Kuwaiti-born Mohammod Youssuf Abdulazeez, 24, a naturalized US citizen, opened fire at a Naval reserve center, and then drove to a military recruitment office where he shot and killed four Marines and a Navy service member, and wounded a police officer and another military service member. He was then fatally shot in an exchange of gunfire with law enforcement officers responding to the attack.",Military,24,Unclear,"Abdulazeez ""had suffered for years from depression and possibly from bipolar disorder,"" according to a representative of the family. (NYT, July 20 2015)"
Charleston Church Shooting,"Charleston, South Carolina",6/17/15,"Dylann Storm Roof, 21, shot and killed 9 people after opening fire at the Emanuel AME Church in Charleston, South Carolina. According to a roommate, he had allegedly been ‚Äúplanning something like that for six months.""",Religious,21,Unclear,-
Trestle Trail bridge shooting,"Menasha, Wisconsin",6/11/15,"Sergio Valencia del Toro, 27, in what officials say was a random act, shot and killed three people including an 11-year-old girl before turning the gun on himself.",Other,27,Yes,"While serving in the Air Force, he went to an emergency walk-in clinic because of concerns over his mood swings, and had either sought or been ordered to behavioral health interventions, according to Fox 6 Now. In a 2014 risk assessment with a psychologist at an outpatient clinic in Appleton, Valencia del Toro recalled thinking previously: ""If I'm gonna take myself out, I might as well take other people with me."" The police report obtained by Fox 6 says that Valencia del Toro had a history of depression, suicidal and occassionally homicidal thoughts, and alcoholism. He was intoxicated on the day of the shooting."
Marysville-Pilchuck High School shooting,"Marysville, Washington",10/24/14,"Jaylen Fryberg, 15, using a .40-caliber Berretta, shot five 
students at Marysville High School, including two of his cousins and three friends, killing all but one. Fryberg arranged to meet them for lunch in the school cafeteria by text. Fryberg was reportedly well-liked at the school and there was not believed to be any ill-will between him and his victims. He committed suicide at the scene.",School,15,Unclear,"Fryberg was well-liked and allegedly happy, but was also upset about a girl and had posted emotional social media messages. No definitive signs of mental health problems."
Isla Vista mass murder,"Santa Barbara, California",5/23/14,"Elliot Rodger, 22, shot three people to death in the college town of Isla Vista near the University of California, Santa Barbara. He also shot others as he drove around town, and injured others by striking them with is vehicle. He committed suicide by shooting himself in his car as police closed in. Prior to the rampage, Rodger stabbed three people to death at his apartment.",School,22,Yes,"Rodger was never hospitalized due to mental illness, but had a long history of mental health issues dating back to his childhood, and received treatment from multiple counselors leading up to his rampage. According to The Independent, Rodger had considered suicide but had no history of violence. Just before his rampage, he sent a 137-page manifesto to multiple people."
Fort Hood shooting 2,"Fort Hood, Texas",4/3/14,"Army Specialist Ivan Lopez, 34, opened fire at the Fort Hood Army Post in Texas, killing three and wounding at least 12 others before shooting himself in the head after engaging with military police. Lt. Gen. Mark A. Milley told reporters that Lopez ""had behavioral health and mental health"" issues.",Military,34,Unclear,"Lopez ""had a long history of troubling behavior,"" according to the Washington Post, including a history of decieving others, problems in his personal life, and financial difficulties. However, officials found that Lopez exhibited no signals that he could be violent. In the year leading up to the attack, he sought treatment for medical and behavioral health ailments."
Alturas tribal shooting,"Alturas, California",2/20/14,"Cherie Lash Rhoades, 44, opened fire at the Cedarville Rancheria Tribal Office and Community Center, killing four and wounding two. After running out of ammunition, Rhoades grabbed a butcher knife and stabbed another person.",Other,44,Unknown,-
Washington Navy Yard shooting,"Washington, D.C.",9/16/13,"Aaron Alexis, 34, a military veteran and contractor from Texas, opened fire in the Navy installation, killing 12 people and wounding 8 before being shot dead by police.",Military,34,Yes,"Had told Rhode Island police the prior month that he'd ""heard voices""; had been undergoing mental health treatment with Veterans Affairs since August 2013."
Hialeah apartment shooting,"Hialeah, Florida",7/26/13,"Pedro Vargas, 42, set fire to his apartment, killed six people in the complex, and held another two hostages at gunpoint before a SWAT team stormed the building and fatally shot him.","Other
",42,Unclear,His mother told authorities her son had been acting strangely and needed a psychiatric evaluation.
Santa Monica rampage,"Santa Monica, California",6/7/13,"John Zawahri, 23, armed with a homemade assault rifle and high-capacity magazines, killed his brother and father at home and then headed to Santa Monica College, where he was eventually killed by police.","Other
",23,Yes,He was known as a solitary teen who regularly ditched class and had an interest in assault weapons; he had been admitted to UCLA's psychiatric ward for a brief period.
Pinewood Village Apartment shooting,"Federal Way, Washington",4/21/13,"Dennis Clark III, 27, shot and killed his girlfriend in their shared apartment, and then shot two witnesses in the building's parking lot and a third victim in another apartment, before being killed by police.","Other
",27,No,-
Mohawk Valley shootings,"Herkimer County, New York",3/13/13,"Kurt Myers, 64, shot six people in neighboring towns, killing two in a barbershop and two at a car care business, before being killed by officers in a shootout after a nearly 19-hour standoff.",Other,64,No,-
Sandy Hook Elementary massacre,"Newtown, Connecticut",12/14/12,"Adam Lanza, 20, shot his mother dead at their home then drove to Sandy Hook Elementary school. He forced his way inside and opened fire, killing 20 children and six adults before committing suicide.",School,20,Yes,"Lanza had a history of serious mental health problems that were known to his family and others, as detailed in a post-massacre investigation by Connecticut authorities."
Accent Signage Systems shooting,"Minneapolis, Minnesota",9/27/12,"Andrew Engeldinger, 36, upon learning he was being fired, went on a shooting rampage, killing the business owner, three fellow employees, and a UPS driver. He then killed himself.",Workplace,36,Yes,"His family worried about his ""paranoia and delusions"" for at least two years prior, and tried to get him to seek treatment."
Sikh temple shooting,"Oak Creek, Wisconsin",8/5/12,"U.S. Army veteran Wade Michael Page, 40, opened fire in a Sikh gurdwara before he died from a self-inflicted gunshot would during a shootout with police.",Religious,40,Yes,"His Army friends once broke into his apartment, fearing he'd commit suicide in the '90s. A psychiatric nurse who lived downstairs from Page said it was ""obvious"" he had a mental illness."
Aurora theater shooting,"Aurora, Colorado",7/20/12,"James Holmes, 24, opened fire in a movie theater during the opening night of ""The Dark Night Rises"" and was later arrested outside.",Other,24,Yes,He saw at least three mental health professionals before dropping out of his university.
Seattle cafe shooting,"Seattle, Washington",5/20/12,"Ian Stawicki, 40, gunned down four patrons at a cafe, and another person during a carjacking nearby, then shot himself as police closed in. (He died later that day in a Seattle hospital.)",Other,40,Yes,His family said he was mentally ill
Oikos University killings,"Oakland, California",4/2/12,"One L. Goh, 43, a former student, opened fire in a nursing classroom. He fled the scene by car and was arrested nearby a few hours later.",School,43,Yes,"A former instructor at Oikos described him as ""mentally unstable"" and ""paranoid."""
Su Jung Health Sauna shooting,"Norcross, Georgia",2/21/12,"Jeong Soo Paek, 59, returned to a Korean spa from which he'd been kicked out after an altercation. He gunned down two of his sisters and their husbands before committing suicide.",Other,59,Yes,His sister worried about his homicidal tendencies; she said his mental health had been deteriorating and that he had threatened to commit suicide with his gun.
Seal Beach shooting,"Seal Beach, California",10/12/11,"Scott Evans Dekraai, 42, opened fire inside a hair salon and was later arrested. Victims killed in the attack included his ex-wife, who Dekraai had a history of violently abusing, according to court records. The two had also been involved in a bitter custody battle.",Other,42,Yes,"He suffered from bipolar disorder, mood swings, and PTSD. After an assault on his elderly stepfather, he was sentenced in 2008 to a year of anger management therapy."
IHOP shooting,"Carson City, Nevada",9/6/11,"Eduardo Sencion, 32, opened fire at an International House of Pancakes restaurant and later died from a self-inflicted gunshot wound.",Other,32,Yes,He was diagnosed with paranoid schizophrenia as a teenager and feared demons were out to get him.
Tucson shooting,"Tucson, Arizona",1/8/11,"Jared Loughner, 22, opened fire outside a Safeway during a constituent meeting with Congresswoman Gabrielle Giffords (D-Ariz.) before he was subdued by bystanders and arrested.",Other,22,Yes,"His symptoms pointed to various possible mental illness diagnoses, such as schizophrenia and delusional disorder. He also experimented with pot and hallucinogens."
Hartford Beer Distributor shooting,"Manchester, Connecticut",8/3/10,"Omar S. Thornton, 34, shot up his Hartford Beer Distributor workplace after facing disciplinary issues, then committed suicide.",Workplace,34,No,"He apparently was driven over the edge by unaddressed, ongoing racism against him at work"
Coffee shop police killings,"Parkland, Washington",11/29/09,"Maurice Clemmons, 37, a felon who was out on bail for child-rape charges, entered a coffee shop on a Sunday morning and shot four police officers who had gone there to use their laptops before their shifts. Clemmons, who was wounded fleeing the scene, was later shot dead by a police officer in Seattle after a two-day manhunt.",Other,37,Yes,"He had a history of erratic, bizarre behavior. He once asked his family to get naked for 5 minutes on Sunday; he said he thought the world would end and that he was Jesus."
Fort Hood massacre,"Fort Hood, Texas",11/5/09,"Army psychiatrist Nidal Malik Hasan, 39, opened fire on an Army base in an attack linked to Islamist extremism. Hasan was injured during the attack and later arrested.",Military,39,Unclear,Medical officials at Walter Reed Army Medical Center and the Uniformed Services University of the Health Sciences raised concerns prior to the shooting regarding Hasan's aloof and erratic behavior and extremist Islamic views.
Binghamton shootings,"Binghamton, New York",4/3/09,"Jiverly Wong, 41, opened fire at an American Civic Association center for immigrants before committing suicide.",Other,41,Yes,He apparently harbored growing paranoia toward cops. He also sent a delusional letter to a local TV station right before the shooting.
Carthage nursing home shooting,"Carthage, North Carolina",3/29/09,"Robert Stewart, 45, opened fire at a nursing home where his estranged wife worked before he was shot and arrested by a police officer.",Other,45,Yes,"His estranged wife told her workplace that her husband had an ""unstable mental state or (was) mentally ill."""
Atlantis Plastics shooting,"Henderson, Kentucky",6/25/08,"Disgruntled employee Wesley Neal Higdon, 25, shot up an Atlantis Plastics factory after he was escorted out of his workplace for an argument with a supervisor. Higdon shot the supervisor outside the factory before opening fire on coworkers inside. He then committed suicide.",Workplace,25,No,He called his girlfriend two hours before the shooting to say he was going to kill his boss.
Northern Illinois University shooting,"DeKalb, Illinois",2/14/08,"Steven Kazmierczak, 27, opened fire in a lecture hall, then shot and killed himself before police arrived.",School,27,Yes,"He had a long history of mental health struggles; after high school, his parents placed him at a psychiatric treatment center. He told friends he left the Army after six months due to a psychological discharge. "
Kirkwood City Council shooting,"Kirkwood, Missouri",2/7/08,"Charles ""Cookie"" Lee Thornton, 52, went on a rampage at the city hall before being shot and killed by police.",Other,52,No,He was known for histrionics and disruptions at city council meetings. His mounting debt was a stressor.
Westroads Mall shooting,"Omaha, Nebraska",12/5/07,"Robert A. Hawkins, 19, opened fire inside Westroads Mall before committing suicide.",Other,19,Yes,He had been treated in the past for depression and ADHD. 
Crandon shooting,"Crandon, Wisconsin",10/7/07,"Off-duty sheriff's deputy Tyler Peterson, 20, opened fire inside an apartment after an argument at a homecoming party. He fled the scene and later committed suicide.",Other,20,Unclear,The families of victims filed a wrongful death lawsuit against the county arguing that the police department should have evaluated the gunman's mental health before hiring him.
Virginia Tech massacre,"Blacksburg, Virginia",4/16/07,"Virginia Tech student Seung-Hui Cho, 23, opened fire on his school's campus before committing suicide.",School,23,Yes,"A district court ruled Cho was ""an imminent danger"" to himself and others as a result of mental illness two years earlier, and directed Cho to seek treatment. "
Trolley Square shooting,"Salt Lake City, Utah",2/12/07,"Sulejman Taloviƒá¬á, 18, rampaged through the shopping center until he was shot dead by police.",Other,18,Unclear,"According to one relative, he was violent and had the mental capacity of a child. (But accounts from others did not indicate this about the shooter.)"
Amish school shooting,"Lancaster County, Pennsylvania",10/2/06,"Charles Carl Roberts, 32, shot 10 young girls in a one-room schoolhouse in Bart Township, killing 5, before taking his own life.",School,32,No,He told his wife that he'd molested two young relatives 20 years ago. 
Capitol Hill massacre,"Seattle, Washington",3/25/06,"Kyle Aaron Huff, 28, opened fire at a rave afterparty in the Capitol Hill neighborhood of Seattle before committing suicide.",Other,28,No,Police were unable to find any record that he had been treated for mental illness or was on psychiatric medication.
Goleta postal shootings,"Goleta, California",1/30/06,"Former postal worker Jennifer Sanmarco, 44, shot dead a former neighbor then drove to the mail processing plant where she used to work. Inside, she opened fire, killing six employees before committing suicide.",Workplace,44,Yes,She was placed on retirement disability for psychological reasons. Fellow employees described her behavior as increasingly bizarre. She believed the Postal Service employees were conspiring against her.
Red Lake massacre,"Red Lake, Minnesota",3/21/05,"Jeffrey Weise, 16, murdered his grandfather, who was a police officer, and grandfather's girlfriend. Weise then drove his grandfather's squad car to Red Lake Senior High School and opened fire on the reservation campus, killing another seven people before committing suicide.",School,16,Yes,He voluntarily visited a a psychiatric ward. He was hospitalized at least once for suicidal tendencies and was taking Prozac.
Living Church of God shooting,"Brookfield, Wisconsin",3/12/05,"Living Church of God member Terry Michael Ratzmann, 44, opened fire at a church meeting at a Sheraton hotel before committing suicide.",Religious,44,Yes,Neighbors said he suffered from depression and had a drinking problem.
Damageplan show shooting,"Columbus, Ohio",12/8/04,"Nathan Gale, 25, possibly upset about the breakup of Pantera, gunned down former Pantera guitarist Dimebag Darrell and three others at a Damageplan show before a police officer fatally shot Gale.",Other,25,Yes,He was discharged from the military because he was a paranoid schizophrenic.
Lockheed Martin shooting,"Meridian, Mississippi",7/8/03,"Assembly line worker Douglas Williams, 48, opened fire at his Lockheed Martin workplace in a racially motivated attack before committing suicide.",Workplace,48,Yes,"His cousin said he was depressed and ""going through a lot of things."""
Navistar shooting,"Melrose Park, Illinois",2/5/01,"Fired employee William D. Baker, 66, opened fire at his former Navistar workplace before committing suicide.",Workplace,66,No,"He had a criminal past, including a sexual assault conviction."
Wakefield massacre,"Wakefield, Massachusetts",12/26/00,"Michael McDermott, 42, opened fire on co-workers at Edgewater Technology and was later arrested.",Workplace,42,Yes,"Psychiatrist guessed he had schizophrenia, but McDermott had researched how to fake a mental illness on the internet. Defense lawyer described history of suicide attempts and mental illness dating back to teen years. Jury rejected his insanity defense. "
Hotel shooting,"Tampa, Florida",12/30/99,"Hotel employee Silvio Leyva, 36, gunned down four coworkers at the Radisson Bay Harbor Inn before killing a woman outside who refused to give him her car. He was arrested shortly after the shootings.",Workplace,36,Yes,"His brother called him ""unbalanced"" and mentally ill."
Xerox killings,"Honolulu, Hawaii",11/2/99,"Byran Koji Uyesugi, 40, a Xerox service technician, opened fire inside the building with a 9mm Glock. He fled and was later apprehended by police.",Workplace,40,Yes," A psychiatrist, testifying for the prosecution,said he suffered from schizophrenia."
Wedgwood Baptist Church shooting,"Fort Worth, Texas",9/15/99,"Larry Gene Ashbrook, 47, opened fire inside the Wedgwood Baptist Church during a prayer rally before committing suicide.",Religious,47,Yes,His siblings decribed him as a paranoid schizophrenic. 
Atlanta day trading spree killings,"Atlanta, Georgia",7/29/99,"Day trader Mark O. Barton, 44, who had recently lost a substantial sum of money, went on a shooting spree through two day-trading firms. He started at the All-Tech Investment Group, where he worked, then went on to Momentum Securities. He fled and hours later, after being cornered by police outside a gas station, committed suicide. (Two days before the spree, he killed his wife and two children with a hammer.)",Workplace,44,Yes,"In letters, he details his deep depression and downward spiral. "
Columbine High School massacre,"Littleton, Colorado",4/20/99,"Eric Harris, 18, and Dylan Klebold, 17, opened fire throughout Columbine High School before committing suicide.",School,17,Yes,Harris was an alleged psychopath; Klebold was depressed and suicidal.
Thurston High School shooting,"Springfield, Oregon",5/21/98,"After he was expelled for having a gun in his locker, Kipland P. Kinkel, 15, a freshman at Thurston High, went on a shooting spree, killing his parents at home and two students at school. Five classmates wrestled Kipland to the ground before he was arrested.   ",School,15,Yes,Doctors testified that he was a paranoid schizophrenic who suffered from hallucinations
Westside Middle School killings,"Jonesboro, Arkansas",3/24/98,"Mitchell Scott Johnson, 13, and Andrew Douglas Golden, 11, two juveniles, ambushed students and teachers as they left the school; they were apprehended by police at the scene.",School,11,No,Boys displayed unruly and aggressive behavior. They picked on kids and made threats about killing people. 
Connecticut Lottery shooting,"Newington, Connecticut",3/6/98,"Lottery worker Matthew Beck, 35, gunned down four bosses over a salary dispute before committing suicide.",Workplace,35,Yes,He had been hospitalized for psychiatric reasons and had a history of depression
Caltrans maintenance yard shooting,"Orange, California",12/18/97,"Former Caltrans employee Arturo Reyes Torres, 41, opened fire at a maintenance yard after he was fired for allegedly selling government materials he'd stolen from work. He was shot dead by police.",Workplace,41,No,He was disgruntled after being fired. 
R.E. Phelon Company shooting,"Aiken, South Carolina",9/15/97,"Ex-con Hastings Arthur Wise, 43, opened fire at the R.E. Phelon Company in retaliation for being fired after an argument with a supervisor. He attempted suicide by ingesting insecticide, failed, and was executed by the state of South Carolina eight years later.",Workplace,43,No,"An ex-con, he had been freed from prison, although he displayed violent tendencies."
Fort Lauderdale revenge shooting,"Fort Lauderdale, Florida",2/9/96,"Fired city park employee Clifton McCree, 41, opened fire on former coworkers he called ""racist devils"" inside their municipal trailer in an act of revenge after failing a drug test. He then committed suicide.",Workplace,41,Yes,"Co-workers complained about his threats and verbal abuse. His supervisors asked him to get a psychiatric evaluation. He lost his job, which relatives said drove his depression."
Walter Rossler Company massacre,"Corpus Christi, Texas",4/3/95,"Disgruntled former metallurgist James Daniel Simpson, 28, opened fire throughout the Walter Rossler Company where he had worked before exiting the building and committing suicide.",Workplace,28,No,He was likely angry because he was given an assignment at work he didn't like. But acquaintances didn't know why he'd come back and kill.
Air Force base shooting,"Fairchild Air Force Base, Washington",6/20/94,"Former airman Dean Allen Mellberg, 20, opened fire inside a hospital at the Fairchild Air Force Base before he was shot dead by a military police officer outside.",Military,20,Yes,He was repeatedly diagnosed with emotional problems during his two years of service.
Chuck E. Cheese's killings,"Aurora, Colorado",12/14/93,"Nathan Dunlap, 19, a recently fired Chuck E. Cheese's employee, went on a rampage through his former workplace and was arrested the following day. He now awaits execution on death row.",Workplace,19,Unclear,"While he was in prison awaiting trial, he started acting bizarre by stripping naked and playing with his feces, apparently to avoid the death penalty. A state doctor testified that Dunlap was was faking his mental illness. "
Long Island Rail Road massacre,"Garden City, New York",12/7/93,"Colin Ferguson, 35, opened fire on an eastbound Long Island Rail Road train as it approached a Garden City station. He was later arrested.",Other,35,Yes,"Psychiatrists and others said he suffered from racial paranoia and was obsessed with nonexistent conspiracies. His landlord said he had ""delusions of grandeur."""
Luigi's shooting,"Fayetteville, North Carolina",8/6/93,"Army Sgt. Kenneth Junior French, 22, opened fire inside Luigi's Italian restaurant while ranting about gays in the military before he was shot and arrested by police.",Other,22,No,"He had an abusive father, who committed suicide."
101 California Street shootings,"San Francisco, California",7/1/93,"Failed businessman Gian Luigi Ferri, 55, opened fire throughout an office building before he committed suicide inside as police pursued him.",Other,55,No,"He was down on his luck because of failed business decisions. One acquaintance said, ""He was the least likely guy you can imagine doing something like that.""  His ex-wife said he ""hated violence."""
Watkins Glen killings,"Watkins Glen, New York",10/15/92,"John T. Miller, 50, killed four child-support workers in a county office building before turning the gun on himself.  Miller was upset about a court order garnishing his paycheck to cover overdue child-support payments.",Other,50,Yes,"The day before the shooting, he told child-support collection office workers that he was considering suicide. He had been convicted of felonious assault for pointing a revolver at police officers responding to a domestic violence report at this girlfriend's apartment. "
Lindhurst High School shooting,"Olivehurst, California",5/1/92,"Former Lindhurst High School student Eric Houston, 20, angry about various personal failings, killed three students and a teacher at the school before surrendering to police after an eight-hour standoff. He was later sentenced to death.",School,20,No,"He suffered violent physical abuse as a child. He claimed a teacher had sexually abused him, but the truth of that allegation was contested. "
Royal Oak postal shootings,"Royal Oak, Michigan",11/14/91,"Laid-off postal worker Thomas McIlvane, 31, opened fire at his former workplace before committing suicide.",Workplace,31,Yes,Police revoked his CCW permit after determining he was mentally unstable.
University of Iowa shooting,"Iowa City, Iowa",11/1/91,"Former graduate student Gang Lu, 28, went on a rampage on campus and then committed suicide at the scene.",School,28,Unclear,He was described as darkly disturbed and isolated.
Luby's massacre,"Killeen, Texas",10/16/91,"George Hennard, 35, drove his pickup truck into a Luby's cafeteria and opened fire before committing suicide.",Other,35,No,"Acquaintances described him as troubled, unstable, combative, and misogynistic. He made convenience store employees ""nervous."""
GMAC massacre,"Jacksonville, Florida",6/18/90,"James Edward Pough, 42, opened fire at a General Motors Acceptance Corporation office before committing suicide. (The day prior, Pough killed a pimp and prostitute and injured two others. Those victims are not included in the mass murder count.)",Other,42,No,"Police speculated he had a ""grudge"" against the people he killed. "
Standard Gravure shooting,"Louisville, Kentucky",9/14/89,"Joseph T. Wesbecker, 47, gunned down eight people at his former workplace before committing suicide.",Workplace,47,Yes,"Prior to the shooting, he had voluntarily checked into hospitals for mental problems at least twice and attempted suicide three times. "
Stockton schoolyard shooting,"Stockton, California",1/17/89,"Patrick Purdy, 26, an alcoholic with a police record, launched an assault at Cleveland Elementary School, where many young Southeast Asian immigrants were enrolled. Purdy killed himself with a shot to the head.",School,26,Yes,"He told a mental health professional he was ""struggling to resist actions on thoughts which are destructive in nature."" He also suffered from alcoholism. "
ESL shooting,"Sunnyvale, California",2/16/88,"Former ESL Incorporated employee Richard Farley, 39, gunned down seven people at his former workplace, after stalking and harassing a coworker he was romantically interested in. He was later arrested and now sits on death row at San Quentin.",Workplace,39,Yes,"He stalked and harassed his colleague Laura Black for four years until she was granted a temporary restraining order aginst him. Before he was fired for his bizarre behavior, he was ordered to undergo psychological counseling. "
Shopping centers spree killings,"Palm Bay, Florida",4/23/87,"Retired librarian William Cruse, 59, was paranoid neighbors gossiped that he was gay. He drove to a Publix supermarket, killing two Florida Tech students en route before opening fire outside and killing a woman. He then drove to a Winn-Dixie supermarket and killed three more, including two police officers. Cruse was arrested after taking a hostage and died on death row in 2009.",Other,59,Yes,"He suffered from paranoid delusions. A judge found that he suffered from ""extreme mental illness."""
United States Postal Service shooting,"Edmond, Oklahoma",8/20/86,"Postal worker Patrick Sherrill, 44, opened fire at a post office before committing suicide.",Workplace,44,Unclear ,He was worried he had inherited mental problems and rebuffed a pastor's suggestion he seek psychiatric counseling. His family members denied he had a history of mental illness.
San Ysidro McDonald's massacre,"San Ysidro, California",7/18/84,"James Oliver Huberty, 41, opened fire in a McDonald's restaurant before he was shot dead by a police officer.",Other,41,Yes,"The day before the shooting, he tried to make an appointment at a mental health clinic. "
Dallas nightclub shooting,"Dallas, Texas",6/29/84,"Abdelkrim Belachheb, 39, opened fire at an upscale nightclub after a woman rejected his advances. He was later arrested.",Other,39,Yes,"During his last meal with his wife, he confessed he was depressed and had visited psychiatric hospitals in Belgium."
Welding shop shooting,"Miami, Florida",8/20/82,"Junior high school teacher Carl Robert Brown, 51, opened fire inside a welding shop and was later shot dead by a witness as he fled the scene.",Other,51,Yes,"His second wife left him because he refused to seek psychological help. He had become increasingly isolated. One former student said he was ""off his rocker."""